status,city,budget,method,difficulty,cause,subset,outbreaks_per_seed,detection_median,detection_p10,detection_p90,delay_median,delay_p10,delay_p90,fa_wave_counted_median,fa_wave_counted_p10,fa_wave_counted_p90,fa_wave_excluded_median,fa_wave_excluded_p10,fa_wave_excluded_p90,locked_setting_median,budget_missed_seeds,fusion_does_not_help
FINAL,real,1,threshold,easy,water,all,8,1,1,1,0.5,0,1,1.0226,0.8352,1.106,1.0926,0.8755,1.1677,4.25,0,true
FINAL,real,1,threshold,easy,water,outsideWave,5,1,1,1,1,0,1,1.0226,0.8352,1.106,1.0926,0.8755,1.1677,4.25,0,true
FINAL,real,1,threshold,easy,food,all,8,1,1,1,1,0,1,1.0226,0.8352,1.106,1.0926,0.8755,1.1677,4.25,0,false
FINAL,real,1,threshold,easy,food,outsideWave,6,1,1,1,1,0,1,1.0226,0.8352,1.106,1.0926,0.8755,1.1677,4.25,0,true
FINAL,real,1,threshold,easy,p2p,all,6,1,1,1,2.25,0.45,4.05,1.0226,0.8352,1.106,1.0926,0.8755,1.1677,4.25,0,false
FINAL,real,1,threshold,easy,p2p,outsideWave,5,1,1,1,2.5,0.45,4,1.0226,0.8352,1.106,1.0926,0.8755,1.1677,4.25,0,true
FINAL,real,1,threshold,easy,seasonal,all,2,1,1,1,0,0,0,1.0226,0.8352,1.106,1.0926,0.8755,1.1677,4.25,0,true
FINAL,real,1,cusum,easy,water,all,8,1,1,1,1,0,1.5,0.9763,0.9101,1.0282,1.0031,0.927,1.0586,6,0,false
FINAL,real,1,cusum,easy,water,outsideWave,5,1,1,1,1,0.95,2,0.9763,0.9101,1.0282,1.0031,0.927,1.0586,6,0,true
FINAL,real,1,cusum,easy,food,all,8,1,1,1,0.75,0.45,1,0.9763,0.9101,1.0282,1.0031,0.927,1.0586,6,0,true
FINAL,real,1,cusum,easy,food,outsideWave,6,1,1,1,1,0.9,1.05,0.9763,0.9101,1.0282,1.0031,0.927,1.0586,6,0,true
FINAL,real,1,cusum,easy,p2p,all,6,1,1,1,2.5,1,3.05,0.9763,0.9101,1.0282,1.0031,0.927,1.0586,6,0,false
FINAL,real,1,cusum,easy,p2p,outsideWave,5,1,1,1,3,1,3.1,0.9763,0.9101,1.0282,1.0031,0.927,1.0586,6,0,false
FINAL,real,1,cusum,easy,seasonal,all,2,1,1,1,0,0,0,0.9763,0.9101,1.0282,1.0031,0.927,1.0586,6,0,true
FINAL,real,1,bayes,easy,water,all,8,1,1,1,0.5,0,1.05,0.7479,0.6866,0.7901,0.7572,0.6971,0.8004,0.1118,0,false
FINAL,real,1,bayes,easy,water,outsideWave,5,1,1,1,1,0.5,1.55,0.7479,0.6866,0.7901,0.7572,0.6971,0.8004,0.1118,0,false
FINAL,real,1,bayes,easy,food,all,8,1,1,1,0.75,0,1.05,0.7479,0.6866,0.7901,0.7572,0.6971,0.8004,0.1118,0,false
FINAL,real,1,bayes,easy,food,outsideWave,6,1,1,1,1,0,2,0.7479,0.6866,0.7901,0.7572,0.6971,0.8004,0.1118,0,false
FINAL,real,1,bayes,easy,p2p,all,6,1,0.9833,1,1.5,0,4,0.7479,0.6866,0.7901,0.7572,0.6971,0.8004,0.1118,0,false
FINAL,real,1,bayes,easy,p2p,outsideWave,5,1,1,1,2.5,0,4,0.7479,0.6866,0.7901,0.7572,0.6971,0.8004,0.1118,0,false
FINAL,real,1,bayes,easy,seasonal,all,2,1,1,1,0,0,0,0.7479,0.6866,0.7901,0.7572,0.6971,0.8004,0.1118,0,false
FINAL,real,0.25,threshold,easy,water,all,8,1,1,1,1,0,1.55,0.2305,0.1903,0.2825,0.2716,0.2354,0.3031,5.5,0,true
FINAL,real,0.25,threshold,easy,water,outsideWave,5,1,1,1,1,0,2,0.2305,0.1903,0.2825,0.2716,0.2354,0.3031,5.5,0,true
FINAL,real,0.25,threshold,easy,food,all,8,1,1,1,1,0,1.55,0.2305,0.1903,0.2825,0.2716,0.2354,0.3031,5.5,0,true
FINAL,real,0.25,threshold,easy,food,outsideWave,6,1,1,1,1,0,2,0.2305,0.1903,0.2825,0.2716,0.2354,0.3031,5.5,0,true
FINAL,real,0.25,threshold,easy,p2p,all,6,1,0.8333,1,4,0,6.5,0.2305,0.1903,0.2825,0.2716,0.2354,0.3031,5.5,0,true
FINAL,real,0.25,threshold,easy,p2p,outsideWave,5,1,0.98,1,4,0,6.05,0.2305,0.1903,0.2825,0.2716,0.2354,0.3031,5.5,0,true
FINAL,real,0.25,threshold,easy,seasonal,all,2,1,1,1,0.75,0,2,0.2305,0.1903,0.2825,0.2716,0.2354,0.3031,5.5,0,false
FINAL,real,0.25,cusum,easy,water,all,8,1,1,1,2,0.95,2.5,0.2222,0.1391,0.3208,0.2479,0.1603,0.3449,12.5,0,false
FINAL,real,0.25,cusum,easy,water,outsideWave,5,1,1,1,2,2,2.55,0.2222,0.1391,0.3208,0.2479,0.1603,0.3449,12.5,0,false
FINAL,real,0.25,cusum,easy,food,all,8,1,1,1,1.5,1,2,0.2222,0.1391,0.3208,0.2479,0.1603,0.3449,12.5,0,true
FINAL,real,0.25,cusum,easy,food,outsideWave,6,1,1,1,2,1,2,0.2222,0.1391,0.3208,0.2479,0.1603,0.3449,12.5,0,false
FINAL,real,0.25,cusum,easy,p2p,all,6,1,0.9833,1,5,3.5,6.05,0.2222,0.1391,0.3208,0.2479,0.1603,0.3449,12.5,0,false
FINAL,real,0.25,cusum,easy,p2p,outsideWave,5,1,1,1,5,4.45,6,0.2222,0.1391,0.3208,0.2479,0.1603,0.3449,12.5,0,true
FINAL,real,0.25,cusum,easy,seasonal,all,2,1,1,1,0,0,0.5,0.2222,0.1391,0.3208,0.2479,0.1603,0.3449,12.5,0,true
FINAL,real,0.25,bayes,easy,water,all,8,1,1,1,1.25,0,2,0.2037,0.1477,0.2907,0.2058,0.157,0.2909,0.4427,0,false
FINAL,real,0.25,bayes,easy,water,outsideWave,5,1,1,1,1.5,1,2,0.2037,0.1477,0.2907,0.2058,0.157,0.2909,0.4427,0,false
FINAL,real,0.25,bayes,easy,food,all,8,1,1,1,1.5,1,2,0.2037,0.1477,0.2907,0.2058,0.157,0.2909,0.4427,0,false
FINAL,real,0.25,bayes,easy,food,outsideWave,6,1,1,1,1.5,1,2,0.2037,0.1477,0.2907,0.2058,0.157,0.2909,0.4427,0,false
FINAL,real,0.25,bayes,easy,p2p,all,6,1,0.8333,1,4.75,3.5,6,0.2037,0.1477,0.2907,0.2058,0.157,0.2909,0.4427,0,false
FINAL,real,0.25,bayes,easy,p2p,outsideWave,5,1,1,1,5,4,6,0.2037,0.1477,0.2907,0.2058,0.157,0.2909,0.4427,0,false
FINAL,real,0.25,bayes,easy,seasonal,all,2,1,1,1,0,0,1,0.2037,0.1477,0.2907,0.2058,0.157,0.2909,0.4427,0,false
FINAL,real,1,threshold,realistic,water,all,8,1,1,1,0.25,0,1.55,1.0504,0.9636,1.1496,1.1512,1.084,1.2654,4.25,0,false
FINAL,real,1,threshold,realistic,water,outsideWave,5,1,1,1,1,0,2,1.0504,0.9636,1.1496,1.1512,1.084,1.2654,4.25,0,false
FINAL,real,1,threshold,realistic,food,all,8,1,0.875,1,1,0.45,1.55,1.0504,0.9636,1.1496,1.1512,1.084,1.2654,4.25,0,false
FINAL,real,1,threshold,realistic,food,outsideWave,6,1,0.8,1,1,0.45,1.55,1.0504,0.9636,1.1496,1.1512,1.084,1.2654,4.25,0,true
FINAL,real,1,threshold,realistic,p2p,all,6,1,1,1,1.75,0.5,6,1.0504,0.9636,1.1496,1.1512,1.084,1.2654,4.25,0,true
FINAL,real,1,threshold,realistic,p2p,outsideWave,5,1,1,1,2,0.9,6.1,1.0504,0.9636,1.1496,1.1512,1.084,1.2654,4.25,0,true
FINAL,real,1,threshold,realistic,seasonal,all,2,1,1,1,0,0,0,1.0504,0.9636,1.1496,1.1512,1.084,1.2654,4.25,0,true
FINAL,real,1,cusum,realistic,water,all,8,1,1,1,0,0,1,0.8601,0.8315,0.9165,0.9084,0.8821,0.965,6.5,0,true
FINAL,real,1,cusum,realistic,water,outsideWave,5,1,1,1,0.25,0,2,0.8601,0.8315,0.9165,0.9084,0.8821,0.965,6.5,0,false
FINAL,real,1,cusum,realistic,food,all,8,1,1,1,1,0.45,1.55,0.8601,0.8315,0.9165,0.9084,0.8821,0.965,6.5,0,false
FINAL,real,1,cusum,realistic,food,outsideWave,6,1,1,1,1,0.95,2,0.8601,0.8315,0.9165,0.9084,0.8821,0.965,6.5,0,true
FINAL,real,1,cusum,realistic,p2p,all,6,1,1,1,1,0.45,3.5,0.8601,0.8315,0.9165,0.9084,0.8821,0.965,6.5,0,true
FINAL,real,1,cusum,realistic,p2p,outsideWave,5,1,1,1,1.25,0.9,4.1,0.8601,0.8315,0.9165,0.9084,0.8821,0.965,6.5,0,true
FINAL,real,1,cusum,realistic,seasonal,all,2,1,1,1,0,0,0,0.8601,0.8315,0.9165,0.9084,0.8821,0.965,6.5,0,true
FINAL,real,1,bayes,realistic,water,all,8,1,1,1,0,0,1,0.7726,0.7327,0.8126,0.8097,0.7718,0.8562,0.1663,0,false
FINAL,real,1,bayes,realistic,water,outsideWave,5,1,1,1,0,0,1.1,0.7726,0.7327,0.8126,0.8097,0.7718,0.8562,0.1663,0,false
FINAL,real,1,bayes,realistic,food,all,8,1,1,1,0.5,0,1.55,0.7726,0.7327,0.8126,0.8097,0.7718,0.8562,0.1663,0,false
FINAL,real,1,bayes,realistic,food,outsideWave,6,1,1,1,1,0,2,0.7726,0.7327,0.8126,0.8097,0.7718,0.8562,0.1663,0,false
FINAL,real,1,bayes,realistic,p2p,all,6,1,1,1,2,0,4.65,0.7726,0.7327,0.8126,0.8097,0.7718,0.8562,0.1663,0,false
FINAL,real,1,bayes,realistic,p2p,outsideWave,5,1,1,1,2,0,6.1,0.7726,0.7327,0.8126,0.8097,0.7718,0.8562,0.1663,0,false
FINAL,real,1,bayes,realistic,seasonal,all,2,1,1,1,0,0,0,0.7726,0.7327,0.8126,0.8097,0.7718,0.8562,0.1663,0,false
FINAL,real,0.25,threshold,realistic,water,all,8,1,1,1,1.75,0,2.5,0.2222,0.1971,0.2638,0.3621,0.2942,0.4409,6,0,false
FINAL,real,0.25,threshold,realistic,water,outsideWave,5,1,1,1,2,0,3,0.2222,0.1971,0.2638,0.3621,0.2942,0.4409,6,0,true
FINAL,real,0.25,threshold,realistic,food,all,8,0.875,0.5,1,1.25,0,3,0.2222,0.1971,0.2638,0.3621,0.2942,0.4409,6,0,true
FINAL,real,0.25,threshold,realistic,food,outsideWave,6,0.8661,0.4286,1,1.5,0,3,0.2222,0.1971,0.2638,0.3621,0.2942,0.4409,6,0,true
FINAL,real,0.25,threshold,realistic,p2p,all,6,0.8333,0.3167,1,5.75,0,12.2,0.2222,0.1971,0.2638,0.3621,0.2942,0.4409,6,0,true
FINAL,real,0.25,threshold,realistic,p2p,outsideWave,5,0.775,0.38,1,7.5,0,14.1,0.2222,0.1971,0.2638,0.3621,0.2942,0.4409,6,0,false
FINAL,real,0.25,threshold,realistic,seasonal,all,2,1,1,1,0.25,0,2.5,0.2222,0.1971,0.2638,0.3621,0.2942,0.4409,6,0,true
FINAL,real,0.25,cusum,realistic,water,all,8,1,1,1,2,1.45,3.05,0.2325,0.1286,0.3292,0.2798,0.1648,0.3716,16.5,0,false
FINAL,real,0.25,cusum,realistic,water,outsideWave,5,1,1,1,3,2,4,0.2325,0.1286,0.3292,0.2798,0.1648,0.3716,16.5,0,false
FINAL,real,0.25,cusum,realistic,food,all,8,0.875,0.625,1,3,1.95,4,0.2325,0.1286,0.3292,0.2798,0.1648,0.3716,16.5,0,false
FINAL,real,0.25,cusum,realistic,food,outsideWave,6,0.8167,0.6225,1,3.5,2,4.05,0.2325,0.1286,0.3292,0.2798,0.1648,0.3716,16.5,0,false
FINAL,real,0.25,cusum,realistic,p2p,all,6,1,0.8333,1,8,5.85,9.1,0.2325,0.1286,0.3292,0.2798,0.1648,0.3716,16.5,0,false
FINAL,real,0.25,cusum,realistic,p2p,outsideWave,5,1,1,1,8,7,9.1,0.2325,0.1286,0.3292,0.2798,0.1648,0.3716,16.5,0,false
FINAL,real,0.25,cusum,realistic,seasonal,all,2,1,1,1,0,0,0.55,0.2325,0.1286,0.3292,0.2798,0.1648,0.3716,16.5,0,true
FINAL,real,0.25,bayes,realistic,water,all,8,1,1,1,1.5,0,3,0.2397,0.1901,0.273,0.285,0.2278,0.3117,0.7153,0,false
FINAL,real,0.25,bayes,realistic,water,outsideWave,5,1,1,1,2.5,1.45,3,0.2397,0.1901,0.273,0.285,0.2278,0.3117,0.7153,0,false
FINAL,real,0.25,bayes,realistic,food,all,8,0.875,0.75,1,2,1.45,3,0.2397,0.1901,0.273,0.285,0.2278,0.3117,0.7153,0,false
FINAL,real,0.25,bayes,realistic,food,outsideWave,6,0.8571,0.7464,1,2.75,2,4.1,0.2397,0.1901,0.273,0.285,0.2278,0.3117,0.7153,0,false
FINAL,real,0.25,bayes,realistic,p2p,all,6,0.8333,0.65,1,7.5,6,9,0.2397,0.1901,0.273,0.285,0.2278,0.3117,0.7153,0,false
FINAL,real,0.25,bayes,realistic,p2p,outsideWave,5,1,0.66,1,7.5,5.9,9,0.2397,0.1901,0.273,0.285,0.2278,0.3117,0.7153,0,false
FINAL,real,0.25,bayes,realistic,seasonal,all,2,1,1,1,0.75,0,2.5,0.2397,0.1901,0.273,0.285,0.2278,0.3117,0.7153,0,false
FINAL,real,1,threshold,hard,water,all,8,1,0.9875,1,0.75,0,3.15,1.0298,0.8714,1.1333,1.177,1.0936,1.3021,2.375,0,false
FINAL,real,1,threshold,hard,water,outsideWave,5,1,1,1,1,0,5,1.0298,0.8714,1.1333,1.177,1.0936,1.3021,2.375,0,false
FINAL,real,1,threshold,hard,food,all,8,0.9375,0.7375,1,1,0,3.55,1.0298,0.8714,1.1333,1.177,1.0936,1.3021,2.375,0,false
FINAL,real,1,threshold,hard,food,outsideWave,6,1,0.66,1,2,0,4.6,1.0298,0.8714,1.1333,1.177,1.0936,1.3021,2.375,0,false
FINAL,real,1,threshold,hard,p2p,all,6,1,0.8333,1,2,0.5,10.05,1.0298,0.8714,1.1333,1.177,1.0936,1.3021,2.375,0,true
FINAL,real,1,threshold,hard,p2p,outsideWave,5,1,0.9833,1,2,1,10.25,1.0298,0.8714,1.1333,1.177,1.0936,1.3021,2.375,0,true
FINAL,real,1,threshold,hard,seasonal,all,2,1,1,1,0,0,1,1.0298,0.8714,1.1333,1.177,1.0936,1.3021,2.375,0,true
FINAL,real,1,cusum,hard,water,all,8,1,1,1,0,0,1.05,0.8364,0.7786,0.9379,0.9156,0.8418,1.0158,8.5,0,true
FINAL,real,1,cusum,hard,water,outsideWave,5,1,1,1,0.5,0,2.55,0.8364,0.7786,0.9379,0.9156,0.8418,1.0158,8.5,0,false
FINAL,real,1,cusum,hard,food,all,8,1,0.75,1,1,0,3,0.8364,0.7786,0.9379,0.9156,0.8418,1.0158,8.5,0,false
FINAL,real,1,cusum,hard,food,outsideWave,6,1,0.66,1,2,1,3.55,0.8364,0.7786,0.9379,0.9156,0.8418,1.0158,8.5,0,false
FINAL,real,1,cusum,hard,p2p,all,6,1,1,1,2,0.45,4.25,0.8364,0.7786,0.9379,0.9156,0.8418,1.0158,8.5,0,true
FINAL,real,1,cusum,hard,p2p,outsideWave,5,1,1,1,2.25,0,9.1,0.8364,0.7786,0.9379,0.9156,0.8418,1.0158,8.5,0,true
FINAL,real,1,cusum,hard,seasonal,all,2,1,1,1,0,0,0,0.8364,0.7786,0.9379,0.9156,0.8418,1.0158,8.5,0,true
FINAL,real,1,bayes,hard,water,all,8,1,1,1,0,0,0,0.821,0.7815,0.8584,0.9043,0.8428,0.944,0.2403,0,false
FINAL,real,1,bayes,hard,water,outsideWave,5,1,1,1,0,0,1.05,0.821,0.7815,0.8584,0.9043,0.8428,0.944,0.2403,0,false
FINAL,real,1,bayes,hard,food,all,8,0.9375,0.75,1,0.5,0,2.55,0.821,0.7815,0.8584,0.9043,0.8428,0.944,0.2403,0,false
FINAL,real,1,bayes,hard,food,outsideWave,6,0.9286,0.6667,1,1,0,3,0.821,0.7815,0.8584,0.9043,0.8428,0.944,0.2403,0,false
FINAL,real,1,bayes,hard,p2p,all,6,1,1,1,2.75,0,7.05,0.821,0.7815,0.8584,0.9043,0.8428,0.944,0.2403,0,false
FINAL,real,1,bayes,hard,p2p,outsideWave,5,1,1,1,3.75,0,7.1,0.821,0.7815,0.8584,0.9043,0.8428,0.944,0.2403,0,false
FINAL,real,1,bayes,hard,seasonal,all,2,1,1,1,0,0,0,0.821,0.7815,0.8584,0.9043,0.8428,0.944,0.2403,0,false
FINAL,real,0.25,threshold,hard,water,all,8,0.625,0.4875,0.875,3,0.45,7,0.216,0.1858,0.2671,0.3601,0.3019,0.4313,6.5,0,false
FINAL,real,0.25,threshold,hard,water,outsideWave,5,0.5,0.3708,0.8357,3,1.45,7.55,0.216,0.1858,0.2671,0.3601,0.3019,0.4313,6.5,0,false
FINAL,real,0.25,threshold,hard,food,all,8,0.25,0.125,0.375,4,1.4,7,0.216,0.1858,0.2671,0.3601,0.3019,0.4313,6.5,0,false
FINAL,real,0.25,threshold,hard,food,outsideWave,6,0.1667,0,0.2905,5.25,1,8.5,0.216,0.1858,0.2671,0.3601,0.3019,0.4313,6.5,0,false
FINAL,real,0.25,threshold,hard,p2p,all,6,0.3333,0.1667,0.8333,13,4.6,20.5,0.216,0.1858,0.2671,0.3601,0.3019,0.4313,6.5,0,false
FINAL,real,0.25,threshold,hard,p2p,outsideWave,5,0.2917,0,0.82,12,4.6,24.4,0.216,0.1858,0.2671,0.3601,0.3019,0.4313,6.5,0,false
FINAL,real,0.25,threshold,hard,seasonal,all,2,1,1,1,6.5,2.4,9,0.216,0.1858,0.2671,0.3601,0.3019,0.4313,6.5,0,false
FINAL,real,0.25,cusum,hard,water,all,8,1,1,1,3.75,0,6.05,0.2706,0.1521,0.3409,0.3693,0.2975,0.4366,22,0,false
FINAL,real,0.25,cusum,hard,water,outsideWave,5,1,1,1,5.5,0,7,0.2706,0.1521,0.3409,0.3693,0.2975,0.4366,22,0,false
FINAL,real,0.25,cusum,hard,food,all,8,0.5625,0.375,1,2.75,0,6.1,0.2706,0.1521,0.3409,0.3693,0.2975,0.4366,22,0,true
FINAL,real,0.25,cusum,hard,food,outsideWave,6,0.5,0,1,4.5,0.6,9,0.2706,0.1521,0.3409,0.3693,0.2975,0.4366,22,0,true
FINAL,real,0.25,cusum,hard,p2p,all,6,0.8333,0.4833,1,10.25,0,15.2,0.2706,0.1521,0.3409,0.3693,0.2975,0.4366,22,0,false
FINAL,real,0.25,cusum,hard,p2p,outsideWave,5,0.775,0.32,1,12,0,18,0.2706,0.1521,0.3409,0.3693,0.2975,0.4366,22,0,false
FINAL,real,0.25,cusum,hard,seasonal,all,2,1,1,1,0,0,0.55,0.2706,0.1521,0.3409,0.3693,0.2975,0.4366,22,0,true
FINAL,real,0.25,bayes,hard,water,all,8,1,0.9875,1,2.5,0,5.1,0.2644,0.236,0.3076,0.3889,0.316,0.5025,0.8757,0,false
FINAL,real,0.25,bayes,hard,water,outsideWave,5,1,0.98,1,4,2.95,6,0.2644,0.236,0.3076,0.3889,0.316,0.5025,0.8757,0,false
FINAL,real,0.25,bayes,hard,food,all,8,0.5,0.125,0.625,3,1.35,5.55,0.2644,0.236,0.3076,0.3889,0.316,0.5025,0.8757,0,false
FINAL,real,0.25,bayes,hard,food,outsideWave,6,0.4,0,0.5071,5,0.9,7.4,0.2644,0.236,0.3076,0.3889,0.316,0.5025,0.8757,0,false
FINAL,real,0.25,bayes,hard,p2p,all,6,0.6667,0.3333,0.8333,8.25,5.05,11.8,0.2644,0.236,0.3076,0.3889,0.316,0.5025,0.8757,0,false
FINAL,real,0.25,bayes,hard,p2p,outsideWave,5,0.6667,0.38,1,9.75,2.35,11.45,0.2644,0.236,0.3076,0.3889,0.316,0.5025,0.8757,0,false
FINAL,real,0.25,bayes,hard,seasonal,all,2,1,1,1,1.5,0,5.5,0.2644,0.236,0.3076,0.3889,0.316,0.5025,0.8757,0,false
